{"cameraMode":{"drawMode":0,"name":"Shaded","section":"Shading Mode"},"sceneLighting":true,"audioPlay":false,"sceneViewState":{"m_AlwaysRefresh":false,"showFog":true,"showSkybox":false,"showFlares":true,"showImageEffects":true,"showParticleSystems":true,"showVisualEffectGraphs":true,"m_FxEnabled":true},"in2DMode":false,"pivot":{"x":-1.7832555770874024,"y":0.04247403144836426,"z":1.2875561714172364},"rotation":{"x":0.27276843786239626,"y":-0.49003109335899355,"z":0.164739727973938,"w":0.8113791346549988},"size":5.227774620056152,"orthographic":false}